date;value
2021-00-06;7766
2021-00-07;7846
2021-00-08;7955
2021-00-11;8064
2021-00-12;8075
2021-00-13;8067
2021-00-14;8143
2021-00-15;8239
2021-00-18;8262
2021-00-19;8319
2021-00-20;8440
2021-00-21;8264
2021-00-22;8453
2021-00-25;8464
2021-00-26;8564
2021-00-27;8266
2021-00-28;8278
2021-00-29;8350
2021-00-01;8408
2021-00-02;8391
2021-00-03;8082
2021-00-04;7888
2021-00-05;8125
2021-00-08;8196
2021-00-09;8412
2021-00-10;8123
2021-00-11;8147
2021-00-12;8087
2021-00-15;8085
2021-00-16;8076
2021-00-17;7832
2021-00-18;7892
2021-00-19;7611
2021-00-22;7674
2021-00-23;7832
2021-00-24;7832
2021-00-25;
2021-00-26;
2021-00-29;6988
2021-00-30;6614
2021-00-01;6544
2021-00-02;6660
2021-00-03;6639
2021-00-06;6962
2021-00-07;7194
2021-00-08;7243
2021-00-09;7087
2021-00-10;7171
2021-00-13;7119
2021-00-14;7057
2021-00-15;7089
2021-00-16;7234
2021-00-17;7093
2021-00-20;6869
2021-00-21;7110
2021-00-22;7282
2021-00-23;7389
2021-00-24;
2021-00-27;7549
2021-00-28;7601
2021-00-29;7658
2021-00-30;7683
2021-00-31;7533
2022-00-03;7599
2022-00-04;7700
2022-00-05;7783
2022-00-06;7947
2022-00-07;7900
2022-00-10;7811
2022-00-11;8117
2022-00-12;8251
2022-00-13;8197
2022-00-14;8382
2022-00-17;
2022-00-18;8542
2022-00-19;8684
2022-00-20;8629
2022-00-21;8516
2022-00-24;8448
2022-00-25;8661
2022-00-26;8833
2022-00-27;8761
2022-00-28;8767
2022-00-31;8916
2022-00-01;8822
2022-00-02;8816
2022-00-03;9017
2022-00-04;9227
2022-00-07;9125
2022-00-08;8932
2022-00-09;8957
2022-00-10;8983
2022-00-11;9310
2022-00-14;9552
2022-00-15;9207
2022-00-16;9383
2022-00-17;9178
2022-00-18;9126
2022-00-21;
2022-00-22;9211
2022-00-23;9214
2022-00-24;9277
2022-00-25;9168
2022-00-28;9613
2022-00-01;10366
2022-00-02;11074
2022-00-03;10769
2022-00-04;11577
2022-00-07;11926
2022-00-08;12364
2022-00-09;10881
2022-00-10;10593
2022-00-11;10931
2022-00-14;10322
2022-00-15;9642
2022-00-16;9485
2022-00-17;10297
2022-00-18;10469
2022-00-21;11214
2022-00-22;11103
2022-00-23;11489
2022-00-24;11420
2022-00-25;11620
2022-00-28;10755
2022-00-29;10425
2022-00-30;10781
2022-00-31;10053
2022-00-01;9932
2022-00-04;10329
2022-00-05;10198
2022-00-06;9639
2022-00-07;9605
2022-00-08;9835
2022-00-11;9422
2022-00-12;10052
2022-00-13;10426
2022-00-14;10684
2022-00-15;
2022-00-18;10824
2022-00-19;10254
2022-00-20;10256
2022-00-21;10389
2022-00-22;10286
2022-00-25;9960
2022-00-26;10262
2022-00-27;10196
2022-00-28;10547
2022-00-29;10459
2022-00-02;10518
2022-00-03;10253
2022-00-04;10784
2022-00-05;10817
2022-00-06;10972
2022-00-09;10308
2022-00-10;9974
2022-00-11;10550
2022-00-12;10615
2022-00-13;11052
2022-00-16;11407
2022-00-17;11231
2022-00-18;10967
2022-00-19;11221
2022-00-20;11263
2022-00-23;11032
2022-00-24;11255
2022-00-25;11288
2022-00-26;11619
2022-00-27;11496
2022-00-30;
2022-00-31;11438
2022-00-01;11526
2022-00-02;11688
2022-00-03;11897
2022-00-06;11841
2022-00-07;11955
2022-00-08;12194
2022-00-09;12152
2022-00-10;12073
2022-00-13;12092
2022-00-14;11892
2022-00-15;11532
2022-00-16;11756
2022-00-17;10956
2022-00-20;
2022-00-21;11049
2022-00-22;10622
2022-00-23;10575
2022-00-24;10907
2022-00-27;11144
2022-00-28;11366
2022-00-29;11165
2022-00-30;10776
2022-00-01;11030
2022-00-04;
2022-00-05;10155
2022-00-06;10031
2022-00-07;10462
2022-00-08;10678
2022-00-11;10609
2022-00-12;9769
2022-00-13;9844
2022-00-14;9779
2022-00-15;9959
2022-00-18;10448
2022-00-19;10612
2022-00-20;10445
2022-00-21;9844
2022-00-22;9771
2022-00-25;9983
2022-00-26;9774
2022-00-27;10003
2022-00-28;9911
2022-00-29;10131
2022-00-01;9659
2022-00-02;9714
2022-00-03;9325
2022-00-04;9129
2022-00-05;9177
2022-00-08;9352
2022-00-09;9318
2022-00-10;9468
2022-00-11;9702
2022-00-12;9486
2022-00-15;9224
2022-00-16;8923
2022-00-17;9085
2022-00-18;9320
2022-00-19;9355
2022-00-22;9342
2022-00-23;9646
2022-00-24;9552
2022-00-25;9333
2022-00-26;9363
2022-00-29;9740
2022-00-30;9208
2022-00-31;9009
2022-00-01;8709
2022-00-02;8729
2022-00-05;
2022-00-06;8735
2022-00-07;8250
2022-00-08;8404
2022-00-09;8727
2022-00-12;8818
2022-00-13;8784
2022-00-14;8888
2022-00-15;8572
2022-00-16;8557
2022-00-19;8615
2022-00-20;8469
2022-00-21;8338
2022-00-22;8402
2022-00-23;7907
2022-00-26;7717
2022-00-27;7891
2022-00-28;8261
2022-00-29;8178
2022-00-30;7991
2022-00-03;8405
2022-00-04;8687
2022-00-05;8822
2022-00-06;8890
2022-00-07;9307
2022-00-10;9160
2022-00-11;8975
2022-00-12;8783
2022-00-13;8959
2022-00-14;8610
2022-00-17;8600
2022-00-18;8329
2022-00-19;8600
2022-00-20;8602
2022-00-21;8547
2022-00-24;8612
2022-00-25;8693
2022-00-26;8939
2022-00-27;8906
2022-00-28;8785
2022-00-31;8654
2022-00-01;8836
2022-00-02;9006
2022-00-03;8814
2022-00-04;9258
2022-00-07;9180
2022-00-08;8880
2022-00-09;8579
2022-00-10;8652
2022-00-11;8914
2022-00-14;8585
2022-00-15;8687
2022-00-16;8562
2022-00-17;8169
2022-00-18;8007
2022-00-21;7974
2022-00-22;8083
2022-00-23;7793
2022-00-24;
2022-00-25;7645
2022-00-28;7710
2022-00-29;7796
2022-00-30;8048
2022-00-01;8106
2022-00-02;7986
2022-00-05;7683
2022-00-06;7421
2022-00-07;7193
2022-00-08;7130
2022-00-09;7105
2022-00-12;7296
2022-00-13;7544
2022-00-14;7714
2022-00-15;7589
2022-00-16;7419
2022-00-19;7505
2022-00-20;7592
2022-00-21;7817
2022-00-22;7768
2022-00-23;7957
2022-00-26;
2022-00-27;7945
2022-00-28;7889
2022-00-29;7843
2022-00-30;8016
2023-00-02;
2023-00-03;7687
2023-00-04;7282
2023-00-05;7361
2023-00-06;7377
2023-00-09;7469
2023-00-10;7511
2023-00-11;7746
2023-00-12;7832
2023-00-13;7990
2023-00-16;
2023-00-17;8025
2023-00-18;7953
2023-00-19;8031
2023-00-20;8127
2023-00-23;8162
2023-00-24;7986
2023-00-25;7978
2023-00-26;8064
2023-00-27;7973
2023-00-30;7797
2023-00-31;7895
2023-00-01;7634
2023-00-02;7587
2023-00-03;7340
2023-00-06;7411
2023-00-07;7717
2023-00-08;7847
2023-00-09;7804
2023-00-10;7974
2023-00-13;8014
2023-00-14;7908
2023-00-15;7857
2023-00-16;7845
2023-00-17;7631
2023-00-20;
2023-00-21;7628
2023-00-22;7395
2023-00-23;7526
2023-00-24;7619
2023-00-27;7557
2023-00-28;7688
2023-00-01;7757
2023-00-02;7805
2023-00-03;7962
2023-00-06;8039
2023-00-07;7745
2023-00-08;7656
2023-00-09;7560
2023-00-10;7655
2023-00-13;7468
2023-00-14;7118
2023-00-15;6738
2023-00-16;6815
2023-00-17;6661
2023-00-20;6756
2023-00-21;6940
2023-00-22;7071
2023-00-23;6977
2023-00-24;6922
2023-00-27;7287
2023-00-28;7312
2023-00-29;7295
2023-00-30;7432
2023-00-31;7568
2023-00-03;8040
2023-00-04;8070
2023-00-05;8069
2023-00-06;8070
2023-00-07;
2023-00-10;7979
2023-00-11;8154
2023-00-12;8326
2023-00-13;8216
2023-00-14;8258
2023-00-17;8093
2023-00-18;8085
2023-00-19;7918
2023-00-20;7727
2023-00-21;7786
2023-00-24;7864
2023-00-25;7705
2023-00-26;7433
2023-00-27;7477
2023-00-28;7678
2023-00-01;7565
2023-00-02;7171
2023-00-03;6862
2023-00-04;6852
2023-00-05;7132
2023-00-08;7313
2023-00-09;7368
2023-00-10;7253
2023-00-11;7081
2023-00-12;7002
2023-00-15;7107
2023-00-16;7085
2023-00-17;7278
2023-00-18;7182
2023-00-19;7157
2023-00-22;7181
2023-00-23;7287
2023-00-24;7437
2023-00-25;7168
2023-00-26;7235
2023-00-29;
2023-00-30;6945
2023-00-31;6811
2023-00-01;7009
2023-00-02;7176
2023-00-05;7214
2023-00-06;7171
2023-00-07;7252
2023-00-08;7128
2023-00-09;7016
2023-00-12;6708
2023-00-13;6939
2023-00-14;6822
2023-00-15;7061
2023-00-16;7181
2023-00-19;
2023-00-20;7094
2023-00-21;7255
2023-00-22;6922
2023-00-23;6891
2023-00-26;6909
2023-00-27;6768
2023-00-28;6954
2023-00-29;6985
2023-00-30;7066
2023-00-03;6971
2023-00-04;
2023-00-05;7178
2023-00-06;7176
2023-00-07;7391
2023-00-10;7305
2023-00-11;7487
2023-00-12;7577
2023-00-13;7686
2023-00-14;7544
2023-00-17;7417
2023-00-18;7576
2023-00-19;7540
2023-00-20;7565
2023-00-21;7706
2023-00-24;7881
2023-00-25;7976
2023-00-26;7911
2023-00-27;8017
2023-00-28;8055
2023-00-31;8180
2023-00-01;8137
2023-00-02;7950
2023-00-03;8156
2023-00-04;8276
2023-00-07;8194
2023-00-08;8294
2023-00-09;8435
2023-00-10;8281
2023-00-11;8317
2023-00-14;8250
2023-00-15;8106
2023-00-16;7940
2023-00-17;8043
2023-00-18;8125
2023-00-21;8071
2023-00-22;8025
2023-00-23;7891
2023-00-24;7952
2023-00-25;8047
2023-00-28;8065
2023-00-29;8114
2023-00-30;8164
2023-00-31;8355
2023-00-01;8552
2023-00-04;
2023-00-05;8674
2023-00-06;8755
2023-00-07;8687
2023-00-08;8751
2023-00-11;8730
2023-00-12;8887
2023-00-13;8859
2023-00-14;9013
2023-00-15;9083
2023-00-18;9147
2023-00-19;9116
2023-00-20;8920
2023-00-21;8956
2023-00-22;9000
2023-00-25;8968
2023-00-26;9143
2023-00-27;9367
2023-00-28;9165
2023-00-29;9077
2023-00-02;8881
2023-00-03;8926
2023-00-04;8432
2023-00-05;8230
2023-00-06;8283
2023-00-09;
2023-00-10;8589
2023-00-11;8370
2023-00-12;8287
2023-00-13;8767
2023-00-16;8665
2023-00-17;8666
2023-00-18;8835
2023-00-19;8935
2023-00-20;8912
2023-00-23;8549
2023-00-24;8458
2023-00-25;8607
2023-00-26;8380
2023-00-27;8604
2023-00-30;8303
2023-00-31;8164
2023-00-01;8105
2023-00-02;8304
2023-00-03;8119
2023-00-06;8154
2023-00-07;7796
2023-00-08;7585
2023-00-09;7634
2023-00-10;
2023-00-13;7886
2023-00-14;7890
2023-00-15;7715
2023-00-16;7350
2023-00-17;7647
2023-00-20;7810
2023-00-21;7835
2023-00-22;7680
2023-00-23;
2023-00-24;7483
2023-00-27;7446
2023-00-28;7609
2023-00-29;7756
2023-00-30;7566
2023-00-01;7370
2023-00-04;7273
2023-00-05;7195
2023-00-06;6898
2023-00-07;6900
2023-00-08;7087
2023-00-11;7095
2023-00-12;6827
2023-00-13;6909
2023-00-14;7121
2023-00-15;7105
2023-00-18;7216
2023-00-19;7323
2023-00-20;7387
2023-00-21;7359
2023-00-22;7329
2023-00-25;
2023-00-26;7584
2023-00-27;7431
2023-00-28;7202
2023-00-29;7189
2024-00-01;
2024-00-02;7062
2024-00-03;7297
2024-00-04;7238
2024-00-05;7400
2024-00-08;7106
2024-00-09;7243
2024-00-10;7157
2024-00-11;7215
2024-00-12;7294
2024-00-15;
2024-00-16;7263
2024-00-17;7279
2024-00-18;7432
2024-00-19;7369
2024-00-22;7526
2024-00-23;7472
2024-00-24;7548
2024-00-25;7791
2024-00-26;7845
2024-00-29;7725
2024-00-30;7830
2024-00-31;7628
2024-00-01;7436
2024-00-02;7272
2024-00-05;7321
2024-00-06;7383
2024-00-07;7426
2024-00-08;7667
2024-00-09;7726
2024-00-12;7734
2024-00-13;7828
2024-00-14;7709
2024-00-15;7847
2024-00-16;7965
2024-00-19;
2024-00-20;7872
2024-00-21;7889
2024-00-22;7964
2024-00-23;7760
2024-00-26;7853
2024-00-27;7980
2024-00-28;7944
2024-00-29;7922
2024-00-01;8090
2024-00-04;7967
2024-00-05;7911
2024-00-06;8008
2024-00-07;7981
2024-00-08;7896
2024-00-11;7887
2024-00-12;7851
2024-00-13;8067
2024-00-14;8216
2024-00-15;8194
2024-00-18;8368
2024-00-19;8439
2024-00-20;8279
2024-00-21;8199
2024-00-22;8110
2024-00-25;8241
2024-00-26;8241
2024-00-27;8215
2024-00-28;8396
2024-00-29;
2024-00-01;8454
2024-00-02;8595
2024-00-03;8622
2024-00-04;8737
2024-00-05;8769
2024-00-08;8724
2024-00-09;8604
2024-00-10;8698
2024-00-11;8579
2024-00-12;8646
2024-00-15;8621
2024-00-16;8615
2024-00-17;8358
2024-00-18;8350
2024-00-19;8379
2024-00-22;8382
2024-00-23;8417
2024-00-24;8409
2024-00-25;8492
2024-00-26;8538
2024-00-29;8426
2024-00-30;8349
2024-00-01;8070
2024-00-02;8059
2024-00-03;7965
2024-00-06;8010
2024-00-07;7997
2024-00-08;8057
2024-00-09;8086
2024-00-10;7981
2024-00-13;8071
2024-00-14;7962
2024-00-15;8023
2024-00-16;8085
2024-00-17;8166
2024-00-20;8139
2024-00-21;8066
2024-00-22;7915
2024-00-23;7747
2024-00-24;7848
2024-00-27;
2024-00-28;8090
2024-00-29;8024
2024-00-30;7896
2024-00-31;7797
2024-00-03;7526
2024-00-04;7427
2024-00-05;7508
2024-00-06;7652
2024-00-07;7653
2024-00-10;7875
2024-00-11;7888
2024-00-12;7956
2024-00-13;7961
2024-00-14;7941
2024-00-17;8133
2024-00-18;8267
2024-00-19;
2024-00-20;8334
2024-00-21;8171
2024-00-24;8263
2024-00-25;8197
2024-00-26;8219
2024-00-27;8304
2024-00-28;8283
2024-00-01;8470
2024-00-02;8409
2024-00-03;8519
2024-00-04;
2024-00-05;8444
2024-00-08;8363
2024-00-09;8278
2024-00-10;8339
2024-00-11;8392
2024-00-12;8349
2024-00-15;8322
2024-00-16;8192
2024-00-17;8416
2024-00-18;8417
2024-00-19;8143
2024-00-22;8125
2024-00-23;7824
2024-00-24;7878
2024-00-25;7943
2024-00-26;7858
2024-00-29;7727
2024-00-30;7617
2024-00-31;7936
2024-00-01;7774
2024-00-02;7499
2024-00-05;7446
2024-00-06;7460
2024-00-07;7668
2024-00-08;7764
2024-00-09;7828
2024-00-12;8145
2024-00-13;7981
2024-00-14;7847
2024-00-15;7966
2024-00-16;7805
2024-00-19;7582
2024-00-20;7527
2024-00-21;7276
2024-00-22;7372
2024-00-23;7582
2024-00-26;7840
2024-00-27;7650
2024-00-28;7549
2024-00-29;7690
2024-00-30;7452
2024-00-02;
2024-00-03;7128
2024-00-04;7011
2024-00-05;7009
2024-00-06;6858
2024-00-09;6965
2024-00-10;6673
2024-00-11;6825
2024-00-12;6989
2024-00-13;6959
2024-00-16;7110
2024-00-17;7216
2024-00-18;7187
2024-00-19;7286
2024-00-20;7272
2024-00-23;7133
2024-00-24;7234
2024-00-25;7042
2024-00-26;6828
2024-00-27;6872
2024-00-30;6875
2024-00-01;7041
2024-00-02;7074
2024-00-03;7433
2024-00-04;7493
2024-00-07;7776
2024-00-08;7426
2024-00-09;7385
2024-00-10;7646
2024-00-11;7611
2024-00-14;
2024-00-15;7122
2024-00-16;7097
2024-00-17;7126
2024-00-18;6978
2024-00-21;7116
2024-00-22;7284
2024-00-23;7137
2024-00-24;7058
2024-00-25;7202
2024-00-28;6765
2024-00-29;6748
2024-00-30;6891
2024-00-31;6958
2024-00-01;6981
2024-00-04;7183
2024-00-05;7226
2024-00-06;7198
2024-00-07;7269
2024-00-08;7069
2024-00-11;
2024-00-12;6843
2024-00-13;6876
2024-00-14;6899
2024-00-15;6733
2024-00-18;6946
2024-00-19;6975
2024-00-20;6925
2024-00-21;7039
2024-00-22;7168
2024-00-25;6941
2024-00-26;6905
2024-00-27;6903
2024-00-28;
2024-00-29;6826
2024-00-02;6835
2024-00-03;7015
2024-00-04;6881
2024-00-05;6858
2024-00-06;6858
2024-00-09;6865
2024-00-10;6885
2024-00-11;7057
2024-00-12;7025
2024-00-13;7154
2024-00-16;7103
2024-00-17;7031
2024-00-18;7080
2024-00-19;7010
2024-00-20;6971
2024-00-23;6950
2024-00-24;7087
2024-00-25;
2024-00-26;7038
2024-00-27;7128
2024-00-30;7173
2024-00-31;7244
2025-00-01;
2025-00-02;7379
2025-00-03;7464
2025-00-06;7431
2025-00-07;7499
2025-00-08;7399
2025-00-09;
2025-00-10;7727
2025-00-13;7957
2025-00-14;7820
2025-00-15;8073
2025-00-16;7935
2025-00-17;7856
2025-00-20;
2025-00-21;7679
2025-00-22;7612
2025-00-23;7503
2025-00-24;7497
2025-00-27;7351
2025-00-28;7415
2025-00-29;7294
2025-00-30;7310
2025-00-31;7284
2025-00-03;7352
2025-00-04;7304
2025-00-05;7139
2025-00-06;7097
2025-00-07;7132
2025-00-10;7273
2025-00-11;7367
2025-00-12;7172
2025-00-13;7166
2025-00-14;7105
2025-00-17;
2025-00-18;7221
2025-00-19;7258
2025-00-20;7288
2025-00-21;7072
2025-00-24;7106
2025-00-25;6915
2025-00-26;6887
2025-00-27;7062
2025-00-28;6997
2025-00-03;6863
2025-00-04;6847
2025-00-05;6658
2025-00-06;6662
2025-00-07;6729
2025-00-10;6631
2025-00-11;6652
2025-00-12;6765
2025-00-13;6682
2025-00-14;6743
2025-00-17;6784
2025-00-18;6749
2025-00-19;6740
2025-00-20;6855
2025-00-21;6852
2025-00-24;6946
2025-00-25;6948
2025-00-26;7005
2025-00-27;7030
2025-00-28;6974
2025-00-31;7187
2025-00-01;7161
2025-00-02;7212
2025-00-03;6743
2025-00-04;6242
2025-00-07;6105
2025-00-08;6004
2025-00-09;6263
2025-00-10;6057
2025-00-11;6191
2025-00-14;6199
2025-00-15;6174
2025-00-16;6288
2025-00-17;6507
2025-00-18;
2025-00-21;6348
2025-00-22;6460
2025-00-23;6264
2025-00-24;6355
2025-00-25;6385
2025-00-28;6330
2025-00-29;6184
2025-00-30;5955
2025-00-01;6059
2025-00-02;5967
2025-00-05;5850
2025-00-06;6042
2025-00-07;5942
2025-00-08;6125
2025-00-09;6237
2025-00-12;6332
2025-00-13;6504
2025-00-14;6448
2025-00-15;6303
2025-00-16;6384
2025-00-19;6398
2025-00-20;6397
2025-00-21;6293
2025-00-22;6255
2025-00-23;6289
2025-00-26;
2025-00-27;6161
2025-00-28;6254
2025-00-29;6166
2025-00-30;6146
2025-00-02;6327
2025-00-03;6410
2025-00-04;6357
2025-00-05;6406
2025-00-06;6530
2025-00-09;6599
2025-00-10;6566
2025-00-11;6891
2025-00-12;6873
2025-00-13;7384
2025-00-16;7253
2025-00-17;7562
2025-00-18;7589
2025-00-19;
2025-00-20;7572
2025-00-23;6936
2025-00-24;6545
2025-00-25;6598
2025-00-26;6644
2025-00-27;6666
2025-00-30;6630
2025-00-01;6664
2025-00-02;6866
2025-00-03;6813
2025-00-04;
2025-00-07;6916
2025-00-08;6955
2025-00-09;6961
2025-00-10;6778
2025-00-11;6963
2025-00-14;6819
2025-00-15;6776
2025-00-16;6713
2025-00-17;6876
2025-00-18;6853
2025-00-21;6839
2025-00-22;6756
2025-00-23;6605
2025-00-24;6716
2025-00-25;6638
2025-00-28;6781
2025-00-29;7027
2025-00-30;7109
2025-00-31;7036
2025-00-01;6839
2025-00-04;6733
2025-00-05;6620
2025-00-06;6538
2025-00-07;6490
2025-00-08;6494
2025-00-11;6503
2025-00-12;6422
2025-00-13;6368
2025-00-14;6499
2025-00-15;6378
2025-00-18;6451
2025-00-19;6338
2025-00-20;6419
2025-00-21;6456
2025-00-22;6408
2025-00-25;6518
2025-00-26;6360
2025-00-27;6449
2025-00-28;6496
2025-00-29;6436
2025-00-01;
2025-00-02;6595
2025-00-03;6436
2025-00-04;6381
2025-00-05;6222
2025-00-08;6260
2025-00-09;6297
2025-00-10;6401
2025-00-11;6271
2025-00-12;6302
2025-00-15;6366
2025-00-16;6489
2025-00-17;6441
2025-00-18;6391
2025-00-19;6302
2025-00-22;6299
2025-00-23;6376
2025-00-24;6540
2025-00-25;6551
2025-00-26;6650
2025-00-29;6427
2025-00-30;6317
2025-00-01;6259
2025-00-02;6128
2025-00-03;6165
2025-00-06;6249
2025-00-07;6252
2025-00-08;6337
2025-00-09;6236
2025-00-10;5975
2025-00-13;
2025-00-14;5952
2025-00-15;5908
2025-00-16;5829
2025-00-17;5830
2025-00-20;5834
2025-00-21;5866
2025-00-22;5930
2025-00-23;6244
2025-00-24;6227
2025-00-27;6213
2025-00-28;6097
2025-00-29;6126
2025-00-30;6136
2025-00-31;6175
2025-00-03;6179
2025-00-04;6138
2025-00-05;6040
2025-00-06;6024
2025-00-07;6054
2025-00-10;6094
2025-00-11;
2025-00-12;5930
2025-00-13;5954
2025-00-14;6087
2025-00-17;6066
2025-00-18;6151
2025-00-19;6027
2025-00-20;6007
2025-00-21;5886
2025-00-24;5911
2025-00-25;5825
2025-00-26;5881
2025-00-27;
2025-00-28;5858
2025-00-01;5947
2025-00-02;5881
2025-00-03;5909
2025-00-04;5982
2025-00-05;6023
2025-00-08;5904
2025-00-09;5840
2025-00-10;5867
2025-00-11;5776
2025-00-12;5761
2025-00-15;5697
2025-00-16;5544
2025-00-17;5607
2025-00-18;5622
2025-00-19;5680
2025-00-22;5818
2025-00-23;5855
2025-00-24;5872
2025-00-25;
2025-00-26;5660
2025-00-29;5789
2025-00-30;5779
2025-00-31;5726
2026-00-01;
2026-00-02;5721
2026-00-05;5810
2026-00-06;5697
2026-00-07;5601
2026-00-08;5774
2026-00-09;5896
2026-00-12;5939
2026-00-13;6085
2026-00-14;6184
2026-00-15;5913
2026-00-16;5940
2026-00-19;
2026-00-20;6030
2026-00-21;6038
2026-00-22;5924
2026-00-23;6070
2026-00-26;6046
2026-00-27;6204
2026-00-28;6275
2026-00-29;6477
2026-00-30;6450
2026-00-02;6160
2026-00-03;6262
2026-00-04;6456
2026-00-05;6290
2026-00-06;6377
2026-00-09;6453
2026-00-10;6420
2026-00-11;6480
2026-00-12;6308
2026-00-13;6305
2026-00-16;
2026-00-17;6253
2026-00-18;6533
2026-00-19;6666
2026-00-20;6669
2026-00-23;6636
2026-00-24;6562
2026-00-25;6530
2026-00-26;6510
2026-00-27;6696
2026-00-02;7113
2026-00-03;7448
2026-00-04;7458
2026-00-05;8088
2026-00-06;9077
2026-00-09;9465
2026-00-10;8371
2026-00-11;8680
2026-00-12;9561
2026-00-13;9848
2026-00-16;9339
2026-00-17;9601
2026-00-18;9612
2026-00-19;9611
2026-00-20;9871
2026-00-23;8933
2026-00-24;9318
2026-00-25;9151
2026-00-26;9618
2026-00-27;10126
2026-00-30;10469
2026-00-31;10286
2026-00-01;10190
2026-00-02;11323
2026-00-03;
2026-00-06;11401
2026-00-07;11458
2026-00-08;9617
2026-00-09;9962
2026-00-10;9834
2026-00-13;10072
2026-00-14;9307
2026-00-15;9304
2026-00-16;9646
2026-00-17;8591
2026-00-20;9106
2026-00-21;9364
2026-00-22;9476
2026-00-23;9927
2026-00-24;9842
2026-00-27;9989
2026-00-28;10345
2026-00-29;11047
2026-00-30;10864
2026-00-01;10538
2026-00-04;10976
2026-00-05;10566
2026-00-06;9875
2026-00-07;9838
2026-00-08;9887
2026-00-11;10156
2026-00-12;10578
2026-00-13;10452
2026-00-14;10466
2026-00-15;10899
2026-00-18;11225
2026-00-19;11209
2026-00-20;10169
2026-00-21;10020
2026-00-22;10035
2026-00-25;
2026-00-26;9763
2026-00-27;9235
2026-00-28;9265
2026-00-29;9116
2026-00-01;9596
2026-00-02;9747
2026-00-03;9976
2026-00-04;9683
2026-00-05;9432
2026-00-08;9500
2026-00-09;9190
2026-00-10;9368
2026-00-11;9158
2026-00-12;8862
2026-00-15;8465
2026-00-16;7980
2026-00-17;8065
2026-00-18;8035
2026-00-19;
2026-00-22;7894
2026-00-23;7462
2026-00-24;7142
2026-00-25;7267
2026-00-26;7030
2026-00-29;7187
2026-00-30;7056
2026-00-01;6974
2026-00-02;6973
2026-00-03;
2026-00-06;6960
2026-00-07;7153
2026-00-08;7456
2026-00-09;7315
2026-00-10;7245
2026-00-13;7920
2026-00-14;8044
2026-00-15;8073
2026-00-16;8003
2026-00-17;8343
2026-00-20;8438
2026-00-21;8604
2026-00-22;8766
2026-00-23;9308
2026-00-24;9174
2026-00-27;8425
2026-00-28;8091
2026-00-29;8608
2026-00-30;8515
2026-00-31;8616
2026-00-03;8196
2026-00-04;7733
2026-00-05;7678
2026-00-06;7888
2026-00-07;7977
2026-00-10;8376
2026-00-11;8477
2026-00-12;8497
2026-00-13;8277
2026-00-14;8399
2026-00-17;8604
2026-00-18;8648
2026-00-19;8728
2026-00-20;8975
2026-00-21;8721
2026-00-24;8634
2026-00-25;8390
2026-00-26;8346
2026-00-27;8481
2026-00-28;8457
2026-00-31;8703
2026-00-01;9148
2026-00-02;9215
2026-00-03;9255
2026-00-04;9269
2026-00-07;
2026-00-08;9421
2026-00-09;9726
2026-00-10;10357
2026-00-11;10127
2026-00-14;10242
2026-00-15;10702
2026-00-16;10362
2026-00-17;10321
2026-00-18;10144
2026-00-21;9697
2026-00-22;9641
2026-00-23;9338
2026-00-24;9588
2026-00-25;8523
2026-00-28;9937
2026-00-29;9616
2026-00-30;9718
2026-00-01;9977
2026-00-02;9789
2026-00-05;9613
2026-00-06;9624
